{
  "version": 1,
  "author": "Sadman Hasan",
  "editor": "wokwi",
  "parts": [
    { "type": "board-esp32-devkit-c-v4", "id": "esp", "top": 0, "left": 0, "attrs": {} },
    {
      "type": "board-ssd1306",
      "id": "oled1",
      "top": 127.94,
      "left": 192.23,
      "attrs": { "i2cAddress": "0x3c" }
    },
    {
      "type": "wokwi-pushbutton",
      "id": "btn1",
      "top": 35,
      "left": -172.8,
      "attrs": { "color": "green", "xray": "1" }
    },
    {
      "type": "wokwi-pushbutton",
      "id": "btn2",
      "top": 179,
      "left": -172.8,
      "attrs": { "color": "green", "xray": "1" }
    },
    {
      "type": "wokwi-pushbutton",
      "id": "btn3",
      "top": 83,
      "left": -172.8,
      "attrs": { "color": "green", "xray": "1" }
    },
    {
      "type": "wokwi-pushbutton",
      "id": "btn4",
      "top": 131,
      "left": -172.8,
      "attrs": { "color": "green", "xray": "1" }
    }
  ],
  "connections": [
    [ "esp:TX", "$serialMonitor:RX", "", [] ],
    [ "esp:RX", "$serialMonitor:TX", "", [] ],
    [ "oled1:GND", "esp:GND.3", "black", [ "v0" ] ],
    [ "oled1:VCC", "esp:5V", "red", [ "v-28.8", "h-115.05", "v115.2", "h-144", "v-19.2" ] ],
    [ "oled1:SCL", "esp:22", "green", [ "v0" ] ],
    [ "esp:21", "oled1:SDA", "green", [ "h0" ] ],
    [ "btn1:1.l", "esp:15", "green", [ "h-28.8", "v192", "h374.4", "v-67.2" ] ],
    [ "esp:4", "btn3:1.r", "green", [ "h72.04", "v-163.2", "h-230.4", "v105.6" ] ],
    [ "esp:5", "btn4:1.l", "green", [ "h43.24", "v134.4", "h-336", "v-105.6" ] ],
    [ "btn2:1.r", "esp:18", "green", [ "v0", "h77", "v-230.4", "h144", "v144" ] ],
    [ "esp:GND.1", "btn1:2.l", "black", [ "h-100.61", "v-153.6", "h-96", "v67.2" ] ],
    [ "esp:GND.1", "btn3:2.r", "black", [ "h-62.21", "v-38.4" ] ],
    [ "esp:GND.1", "btn4:2.l", "black", [ "h-14.21", "v-172.8", "h-211.2", "v182.4" ] ],
    [ "esp:GND.1", "btn2:2.r", "black", [ "h-91.01", "v57.6" ] ]
  ],
  "dependencies": {}
}